MultiBART_Rhat_Sigma2,DefaultBART_Rhat_Sigma2,MultiBART_Rhat_RMSE,DefaultBART_Rhat_RMSE
1.0440624633850457,1.1177110423306642,1.2601154283719922,1.1881025789308357
1.0529778478162883,1.0479647190042336,1.1099230897642076,1.2384581756811552
1.0578812397914064,1.018817127427725,1.537822760932741,1.3683064756699705
1.018466671004362,1.0398621678600044,1.201807953254695,1.5920961718840096
1.0898552479150945,1.0563414520880672,1.2144281124434306,1.2686507237533902
