MultiBART_Rhat_Sigma2,DefaultBART_Rhat_Sigma2,MultiBART_Rhat_RMSE,DefaultBART_Rhat_RMSE
1.2064442448087511,1.0443749201691832,1.262182017097867,1.596864833325307
1.1279473530079822,1.1679489903496978,1.1165719907569949,1.2550776083844655
1.1932429558116486,1.0527631630660679,1.135036617610333,1.1433541705160506
1.1030481977913347,1.1783057674467106,1.2631466835536043,1.4047273953876034
1.0927208402210875,1.1777386503018066,1.481801569212317,1.5555664425666835
