MultiBART_Rhat_Sigma2,DefaultBART_Rhat_Sigma2,MultiBART_Rhat_RMSE,DefaultBART_Rhat_RMSE
1.0150853537514228,1.0081282948274295,1.007177745924701,1.0087085018450712
1.005805767370767,1.0002283892095636,1.0067612498466552,1.0053592242029488
1.0070017102919933,1.0066533822541295,1.0025199426231188,1.0073517283645352
1.001194492118632,1.023598648777667,1.0014940308525675,1.003872116741242
1.003998856256765,1.0047626381890649,1.002414869542553,1.00108274821362
