MultiBART_Rhat_Sigma2,DefaultBART_Rhat_Sigma2,MultiBART_Rhat_RMSE,DefaultBART_Rhat_RMSE
1.6873411907334546,2.1131331703260186,1.656748981581154,2.1741079637570424
1.8719851254550062,1.5957429367702998,1.2138444476031602,1.5565565214743748
1.81639666251523,1.539544876679125,1.8838539370841993,1.818061154082916
1.6353728635663343,1.6108324393539337,1.4021049939775976,1.8240738119335165
1.6352073595402854,1.8739648573901582,1.9818178952678087,2.3901154139115066
