MultiBART_Rhat_Sigma2,DefaultBART_Rhat_Sigma2,MultiBART_Rhat_RMSE,DefaultBART_Rhat_RMSE
1.1070880810236257,1.3110045779629858,1.2827276593319985,1.4096095999565594
1.4480943484540758,1.2891728566628244,1.6171817686162957,1.1369200265461181
1.3322517439125074,1.3721755431518357,1.5491630531349216,1.3606904491564062
1.4514718058083003,1.478060094522065,1.2603869608523675,1.6908545658467942
1.125919100518669,1.2895920105047625,1.2462330066491987,1.4046796887639212
