bart_mtmh,bart,btz
8.12780130764987,8.08258206297806,8.329013
8.143214104357067,8.213273198726244,8.300624
7.955244791248262,7.958014414697349,8.187305
8.129287414339384,8.108953579548487,8.278218
8.320732686191334,8.293824579083967,8.411736
7.99113138274926,7.985721371982549,8.260743
7.917917635853212,8.028396754869249,8.304968
8.019104082180158,7.9553593387121895,8.236687
8.03088624757909,8.048337213847203,8.309824
7.986020278903548,7.960644647224811,8.153925
