bart_mtmh,bart,btz
2.1189387779376836,2.2813443551490087,2.85553
2.081671788680408,2.275377780971441,2.794765
2.1097665837157087,2.366010856391931,2.9445593
2.028671699144027,2.3460158972093574,2.7546
2.110053063162453,2.4033718572729144,2.8806992
2.1268008870632316,2.42881615293221,2.8557882
2.033450940242985,2.370238308558324,2.8451307
2.0907472231228224,2.3700014235121354,2.8527088
2.0940787470984104,2.3495741482910595,2.7979076
2.1928383948179073,2.364890350565408,2.8503644
