MultiBART_Rhat_Sigma2,DefaultBART_Rhat_Sigma2,MultiBART_Rhat_RMSE,DefaultBART_Rhat_RMSE
1.425834238934221,1.6520560668236473,1.5606691081326762,1.6329256176635267
1.5825339897273976,1.5426565943603743,2.1696079390886984,1.741892027670708
1.3208607005663864,1.524938346259597,1.6129801970039206,1.666140024335999
1.3567799208270366,1.7140374440541162,1.3864505700865826,1.7588681551370386
1.3331664227227362,1.8828031919800898,1.6883846119349462,1.7025454393831703
