bart_mtmh,bart,btz
1.6203078368668293,1.7073579328813662,2.1684237
1.6251160673964136,1.6919263956120272,2.178405
1.6106707720629145,1.6935507165829984,2.1488602
1.6419154903779114,1.7031814733967259,2.1689892
1.6176926042541293,1.7109358291300696,2.1620553
1.5977693661728258,1.6828973090216888,2.198315
1.6252846263393872,1.7102667690129498,2.1646965
1.6090790788683647,1.695076231285612,2.1500192
1.625076066353134,1.690308167732421,2.1185758
1.5882733555324187,1.688215665471528,2.1477294
