bart_mtmh,bart,btz
44.06234079780822,44.15456950837823,44.80208
43.76145411441578,44.03891087200455,44.80271
44.052590183538285,44.424993591968374,44.669296
43.900722818436,44.14600248715433,44.820107
43.95278310637946,44.13281050339532,44.74336
43.90097988533994,44.09390109345749,44.665253
44.14040216619004,44.286289210357324,44.814003
43.59667371006786,43.91741312432392,44.580017
43.97388391561687,44.2143596969893,44.83567
44.133757049782886,44.12294837587659,45.210793
