MultiBART_Rhat_Sigma2,DefaultBART_Rhat_Sigma2,MultiBART_Rhat_RMSE,DefaultBART_Rhat_RMSE
1.0849637257409586,1.0844242365487449,1.160657267526029,1.1111704395942805
1.084832309921606,1.0522682428262224,1.1958301059403296,1.1726340391389185
1.0308943772921073,1.1216330864537254,1.0640711791426691,1.2154202333919248
1.0116660633687289,1.0963412463973083,1.2353492335483296,1.2270084400003558
1.0247719655841632,1.0659179381181667,1.2554711767562756,1.2789410512011081
