bart_mtmh,bart,btz
13.96863921804664,14.164128005197298,16.86176
14.045053131288077,14.548063069405327,16.020235
13.814634422983076,13.85634889303748,16.69559
12.425671510150645,14.381097022052751,16.480904
14.571344541305567,14.708651020136934,16.578587
14.155632728575778,15.151813938068456,16.325237
13.37108656586912,14.399517761390182,16.623528
13.230978905822322,14.653067200160601,17.24449
13.262304537501846,14.026214599665016,16.612366
12.57122318464683,13.66405628452971,16.130213
