bart_mtmh,bart,btz
2.53769031275224,2.5648531885334367,2.6528378
2.5717562926265316,2.572649577847121,2.6719058
2.534668310409874,2.567846651032097,2.6465516
2.5568845894780203,2.6135320521665713,2.6779668
2.5740524798230195,2.5633541783971627,2.6556928
2.5563450836603017,2.5984091895116146,2.6555588
2.5576030463415322,2.570487994366178,2.6657298
2.521598522355312,2.55616716876111,2.6599865
2.5684067302602367,2.6040178753720618,2.7062428
2.49875513878556,2.5314734545687614,2.6372476
