bart_mtmh,bart,btz
2.6447479657242563,2.704196764755529,2.8594422
2.658526469964984,2.738469459304763,2.8379529
2.649286967628221,2.698302268645302,2.8510005
2.67196774482388,2.7322428162070516,2.8497872
2.672974706244873,2.6766382423303043,2.8318293
2.6512767124096674,2.699835711439306,2.8577983
2.632409824066178,2.6837774929235456,2.8065445
2.666752993214144,2.710250363833665,2.872131
2.7027511143630125,2.765245963239945,2.8933923
2.6157396175861467,2.6834675225417826,2.819861
