multi_tries,Rhat_Sigma2,Rhat_RMSE,Test_MSE,Coverage,Train_Time
1,1.0850668036977649,1.9326295651785188,0.5024015116843333,0.9409846153846153,4.735389137268067
5,1.1310511687184313,1.7927782845659137,0.4998772683264221,0.936923076923077,9.482448720932007
10,1.163286593104562,1.5911193111864061,0.4930928050015225,0.9391999999999999,14.998557877540588
50,1.1342375854836462,1.7157546886899877,0.4937617455206723,0.9355692307692308,52.95409328937531
100,1.1965338809454216,1.4667384108927408,0.4945247562126721,0.9333538461538462,97.03198120594024
