bart_mtmh,bart,btz
19.647136390081123,21.239739844425888,32.31814
18.861506367485255,19.725228246103207,30.978346
18.722515753993118,20.606717914842857,28.328154
19.420234821269446,21.33707465306429,25.015789
19.546846464039835,21.08547259932909,27.855274
18.50893649927842,19.785424822215866,25.817005
19.05332392939977,19.130958674192343,30.513964
19.67777443501097,20.610949699936786,27.996483
18.957579747365422,21.133100025136326,31.184338
19.33009993307606,20.49804157697547,27.914528
