multi_tries,Rhat_Sigma2,Rhat_RMSE,Test_MSE,Coverage,Train_Time
1,1.5958931761382833,2.110734391561408,33.3426222440777,0.9329457364341087,3.642689919471741
5,1.4735755240356265,1.8123395599991625,32.69455164765223,0.9162790697674419,5.211636281013488
10,1.5379264592023296,1.6008990852192801,30.91171902153447,0.9189922480620154,7.025896811485291
50,1.5621505940875111,1.8313992994013533,28.334819947302435,0.9178294573643411,22.681216263771056
100,1.581513483687129,1.5145899042949722,28.492438601280718,0.9186046511627908,38.7608380317688
