multi_tries,Rhat_Sigma2,Rhat_RMSE,Test_MSE,Coverage,Train_Time
1,1.8970527136848567,1.9938624688279087,0.7180280141078608,0.9077066500932256,7.655836987495422
5,1.893727588906291,2.21719776712067,0.7299140579285641,0.9004350528278435,15.032791924476623
10,1.9489594998604054,1.9725030314818848,0.7064137131797802,0.8942200124300808,32.134613680839536
50,2.15940014694774,2.2293946166647842,0.7251325788425153,0.875077688004972,171.99460377693177
100,2.201173455903566,2.20526891179053,0.7678881290947397,0.8576755748912367,438.7858620643616
