multi_tries,Rhat_Sigma2,Rhat_RMSE,Test_MSE,Coverage,Train_Time
1,1.1390170109868107,2.1137584152146354,134.62143957698913,0.9411065386374029,8.419612812995911
5,1.1359776392938918,2.203069938655999,133.69160716621778,0.9398719707361682,17.54118938446045
10,1.0816708637781667,1.9087525303450277,132.3443645570328,0.9414037494284407,27.88366856575012
50,1.0886290809578987,1.6581453818115715,131.26638079245936,0.9391860996799268,108.17642297744752
100,1.140766556863496,1.6939913276281053,131.54907935871051,0.9391175125743028,203.52145524024962
