multi_tries,Rhat_Sigma2,Rhat_RMSE,Test_MSE,Coverage,Train_Time
1,2.1749748760649497,2.4644611293204535,0.3193586916117341,0.940891472868217,12.231634855270386
5,2.1446790042300843,2.456061102036249,0.2784021501156772,0.9375193798449611,25.779220199584962
10,2.073416086631849,2.486285439065849,0.27842949185219956,0.9341472868217053,59.029270839691165
50,1.872342989417879,2.0791952468898183,0.25773040844682893,0.9268798449612404,209.27167325019838
100,2.052908862673859,1.957921018822122,0.25796081680911853,0.9228488372093023,792.9972742557526
