multi_tries,Rhat_Sigma2,Rhat_RMSE,Test_MSE,Coverage,Train_Time
1,1.2028279354651685,1.5856920191130695,5.301155269598591,0.9320574162679426,4.617770481109619
5,1.1259763696276228,1.661611705001039,5.359890135554094,0.9313875598086124,7.205085015296936
10,1.1776804916563663,1.9474705759213382,5.334849135113281,0.9279425837320575,10.43316068649292
50,1.2046649175736177,1.399726905234593,5.3509889561759465,0.9265071770334927,38.64097347259521
100,1.2261615768786769,1.6121658428611199,5.332718638948231,0.926507177033493,73.89347186088563
