bart_mtmh,bart,btz
36.92676955224155,37.114192297248394,37.52613
36.85620188413486,37.07487047265012,37.785614
36.773911900414305,37.03472026754493,37.83831
36.92608132532235,36.96382313167608,37.38738
36.76332771015639,36.92376136498499,37.67878
36.815527297764994,37.034516754466864,37.700825
36.78602733467001,36.96576917414193,37.662685
36.782829372126336,37.0214160950025,37.709526
36.75909014854748,37.096016205056465,37.626247
36.76761593071075,37.1018953804573,37.629658
