bart_mtmh,bart,btz
2.5417447770061603,2.9906077054187814,3.935852
2.5389189482897163,2.8920413314152817,4.068208
2.4982257423762095,2.975339556050546,3.991456
2.406944490010693,2.9458587809377614,3.7698596
2.5978089879001365,2.92432926993932,3.9593036
2.6648746746602305,2.9725263906484733,3.8198943
2.4810190156012393,2.9762535435061133,3.9988577
2.5393166294463367,3.0111472867496456,4.092605
2.528769046077715,2.925512658606565,4.226714
2.5350037765866835,2.8738562711819102,4.004356
