multi_tries,Rhat_Sigma2,Rhat_RMSE,Test_MSE,Coverage,Train_Time
1,1.3283056105131796,2.4556616666136963,89.75073720548794,0.937932098765432,45.26754639148712
5,1.162164956253406,2.3680622815739722,89.29749883488469,0.9371536351165981,89.33504803180695
10,1.1503521151641989,2.450541378797221,88.89827046483431,0.9371364883401923,151.1018866300583
50,1.0780828483285707,2.0087159109405293,88.4852487618231,0.9367764060356653,593.9191873073578
100,1.0508036002940482,2.0221684296945788,88.4035668246914,0.9368792866941014,1113.2658816576004
