bart_mtmh,bart,btz
1.920588891281619,2.0485835397509877,2.8305316
1.8674965779444674,2.11001894962505,3.1594055
1.9414282792639408,2.0767635784748704,2.7865648
1.8790960043159677,2.1922175679701836,2.9615705
1.8561419812693005,2.141794877697169,2.941249
1.8547434097534237,2.1647031505057663,2.9508948
1.874509656901265,2.1404469739284746,2.9646623
1.9191301209273428,2.1222921453024286,2.9715164
1.9025831412874388,2.081910936943994,2.9378421
1.9072613635624378,2.1757803103638325,3.0392663
