bart_mtmh,bart,btz
44.572319415457656,44.95820019455724,45.664314
44.307790322060825,44.71010969113841,45.686695
44.60663614986036,45.1304183254628,45.696598
44.52080831271029,45.10183444327601,45.764153
44.471524161693516,45.11868387725601,45.69916
44.675170657958525,45.01552044771773,45.51476
44.91029388416947,45.18204051068055,45.72253
44.39957155147239,44.99288265387949,45.52459
44.42491553133345,44.91294520986566,45.38058
44.64255523781479,45.264831895618535,45.901524
