multi_tries,Rhat_Sigma2,Rhat_RMSE,Test_MSE,Coverage,Train_Time
1,1.2485692391705212,1.4365901716806546,0.018992454414529035,0.925531914893617,2.5547351121902464
5,1.2529219922887502,1.2978786478919861,0.016068078184792327,0.9382978723404257,3.2161792039871218
10,1.161374227609373,1.1851844061052854,0.016944580207183237,0.9170212765957448,4.191130971908569
50,1.1672792381709558,1.154092734185094,0.015831281465590506,0.9319148936170214,12.95086669921875
100,1.1325350289503875,1.139356674826719,0.016632447453505388,0.9319148936170214,25.79595673084259
