bart_mtmh,bart,btz
8.432047710081807,8.421775532951967,8.941051
8.478504026603368,8.590060357549168,9.015239
8.213381067067479,8.33936278775824,8.874114
8.233927487351686,8.452660979003664,9.133021
8.37947389758343,8.521623205272675,9.03253
8.126698183416304,8.398253082902126,8.725371
8.215100480288267,8.39636077365368,8.8939085
8.151489946727393,8.484099314042874,8.834267
8.416866807765238,8.275440196220114,8.908857
8.121384477175328,8.225832349814574,8.976849
