MultiBART_Rhat_Sigma2,DefaultBART_Rhat_Sigma2,MultiBART_Rhat_RMSE,DefaultBART_Rhat_RMSE
1.0020651784082775,1.010377786069258,1.036595743387168,1.2198931318164308
1.0052197952996034,1.0144381164374163,1.1506117911344382,1.9192364891141416
1.0154991761524121,1.0075612426299094,1.233271425319385,1.3805932001713257
1.0038873111407292,1.0057789917801776,1.3365819530778802,1.3952127463355324
1.0033668939614613,1.0060528144875203,1.1952896726654592,1.8181813603961179
