multi_tries,Rhat_Sigma2,Rhat_RMSE,Test_MSE,Coverage,Train_Time
1,1.0647255259643111,1.3290692766734065,130.93180244305546,0.9386374028349337,104.51181082725525
5,1.035499486944111,1.2706862506301273,129.91253299759742,0.9365340649291266,262.97894234657286
10,1.0419754895777664,1.1351009415401785,129.0848430156467,0.9354823959762232,458.4001841545105
50,1.0271295663304507,1.1267392029020515,129.50446827912725,0.934156378600823,2168.798357152939
100,1.0688673407897291,1.1037072922934015,129.92169403108588,0.9337905807041608,4685.248562574387
