MultiBART_Rhat_Sigma2,DefaultBART_Rhat_Sigma2,MultiBART_Rhat_RMSE,DefaultBART_Rhat_RMSE
1.0439700395020561,1.3110045779629858,1.2273132413041639,1.4096093577303581
1.0618414072403999,1.2891728566628244,1.132527213580964,1.136919937009682
1.1875478017112149,1.3721755431518357,1.236470491635969,1.3606912952162984
1.054202421953496,1.478060094522065,1.3397764297048016,1.6908555140478185
1.101375305326066,1.2895920105047625,1.1590194161559941,1.404681048393122
