multi_tries,Rhat_Sigma2,Rhat_RMSE,Test_MSE,Coverage,Train_Time
1,1.0913782218127883,1.4006888139241815,0.4736051687449634,0.9378461538461538,42.67972893714905
5,1.1952444742854265,1.1388465330913202,0.4663454009883999,0.9372307692307692,116.75696172714234
10,1.1360538078740183,1.19663367092075,0.4602095467613449,0.9331692307692308,200.7683931350708
50,1.3663642347766465,1.208859501727266,0.455920441663637,0.9275076923076924,954.8443070411682
100,1.2561608953703782,1.1735890833496687,0.45041353503779796,0.9273846153846155,1931.9016230106354
