multi_tries,Rhat_Sigma2,Rhat_RMSE,Test_MSE,Coverage,Train_Time
1,1.3631203155789473,1.562512458515748,19.965246392871883,0.92015503875969,19.653599882125853
5,1.2037811980625857,1.2780285556724256,18.594666227310743,0.9124031007751938,47.13534698486328
10,1.0897873951466466,1.2190213584763785,17.348515498264227,0.9317829457364342,78.78012366294861
50,1.045072679422649,1.0910807194739631,16.395590107702358,0.9488372093023256,444.0571089744568
100,1.0771502591825408,1.1199932406324138,16.182564045114738,0.9503875968992249,953.2581711292266
