MultiBART_Rhat_Sigma2,DefaultBART_Rhat_Sigma2,MultiBART_Rhat_RMSE,DefaultBART_Rhat_RMSE
1.8569144783346636,2.1131331703260186,1.86065061946427,2.174106278831371
2.2523257615564614,1.5957429367702998,1.560407271042122,1.5565544206763502
1.8303241915062234,1.539544876679125,1.753733261811485,1.8180617648460704
2.01189365544045,1.6108324393539337,1.6987837027626307,1.8240775072144195
1.7445046721225574,1.8739648573901582,2.2851863938721118,2.390115815442685
