MultiBART_Rhat_Sigma2,DefaultBART_Rhat_Sigma2,MultiBART_Rhat_RMSE,DefaultBART_Rhat_RMSE
1.0055966005120331,1.0835422283150682,1.1919613060642276,1.9103755538584895
1.0102880272802082,1.1307031955389983,1.1116962154816357,1.8662630476284976
1.0095018574013241,1.1175837231533874,1.236671287158806,1.9785689241057889
1.0225192158907204,1.0612927847981533,1.1063567353380355,1.8122136525429577
1.0010580203209856,1.115635386405281,1.1910175450116514,2.3284275844313136
