MultiBART_Rhat_Sigma2,DefaultBART_Rhat_Sigma2,MultiBART_Rhat_RMSE,DefaultBART_Rhat_RMSE
1.855878295039168,1.6520560668236473,1.7654930538915472,1.63292681175091
1.717342891117343,1.5426565943603745,1.4670456447407303,1.7418916366661876
1.679327366063737,1.524938346259597,1.3407599678333193,1.6661402500532994
1.4369555271497991,1.7140374440541162,1.8708139130697932,1.7588719537168078
1.6272445842824004,1.8828031919800896,1.68678171752751,1.7025469392248551
