MultiBART_Rhat_Sigma2,DefaultBART_Rhat_Sigma2,MultiBART_Rhat_RMSE,DefaultBART_Rhat_RMSE
1.0206775037747686,1.1177110423306642,1.2636612785636239,1.1881038505640624
1.0522841069610047,1.0479647190042336,1.0767928514902183,1.238458310620776
1.0198656497548482,1.018817127427725,1.0736905657605178,1.3683060485325047
1.0409588985700906,1.0398621678600044,1.136445605352545,1.592095493941501
1.07609128882812,1.0563414520880672,1.124914406533987,1.2686512414522402
