MultiBART_Rhat_Sigma2,DefaultBART_Rhat_Sigma2,MultiBART_Rhat_RMSE,DefaultBART_Rhat_RMSE
1.6051519837603576,1.6757179016776378,1.3006107148497736,1.8090387763514253
1.6920706548779683,1.699731926021408,1.3437054067085372,1.8001285117423036
1.7361728799376634,1.7903253155609213,1.5674594529326773,2.037297206027665
1.689881906906307,1.821722343203286,1.7086938383237236,1.9179513467988374
1.7183663134515457,1.6754469897702289,1.3600366501915566,1.5614343153506183
