MultiBART_Rhat_Sigma2,DefaultBART_Rhat_Sigma2,MultiBART_Rhat_RMSE,DefaultBART_Rhat_RMSE
1.8194297192496491,2.062175424511895,1.8527926125752565,1.6658785272380812
1.7742330656427572,1.7605709156861298,1.565089000399216,1.6556738632594574
1.761190282530987,1.8417339780675932,1.4493752476296877,2.1067101398401484
1.9396903457704155,1.7926916807580333,1.657484177861968,1.6171845055839131
1.9098001822258845,1.7563901245690121,1.7549284389277693,1.315173153980036
