multi_tries,Rhat_Sigma2,Rhat_RMSE,Test_MSE,Coverage,Train_Time
1,1.0204146921397421,1.6938479812142624,87.90257900724865,0.9368930041152262,535.8734535217285
5,1.0091963082716426,1.2734685290541585,87.64841390534104,0.9361522633744856,1759.518605518341
10,1.0060076709924965,1.1904701171168663,87.58057368230554,0.9366460905349795,3280.7635907173158
50,1.005724510572263,1.095668339441162,87.50660415141256,0.9361865569272976,15892.629619646072
