multi_tries,Rhat_Sigma2,Rhat_RMSE,Test_MSE,Coverage,Train_Time
1,1.0492268614180582,1.3126392606312365,4.768988522434373,0.9349282296650716,34.80653638839722
5,1.075557094190585,1.129725514051839,4.716895342173313,0.9374162679425836,115.32389636039734
10,1.087017079381291,1.080597883870522,4.754521631830901,0.9345454545454546,207.8821979045868
50,1.0506767028258606,1.0774210264888398,4.847059772402774,0.9322488038277511,934.4214105606079
100,1.1485393749101052,1.0973020821500623,4.908711572515024,0.931866028708134,1960.3060966014862
