multi_tries,Rhat_Sigma2,Rhat_RMSE,Test_MSE,Coverage,Train_Time
1,1.6260675431776597,1.8121038446105948,0.2259220581247691,0.93468992248062,131.4691119670868
5,1.6550469964577907,1.801385164179403,0.2166522826015104,0.9282170542635658,375.5268865585328
10,1.6633497327304894,1.62617885941258,0.2140307204568132,0.9276744186046512,649.2275171756744
50,1.6083587353930195,1.6772334430614138,0.2128275558051119,0.920232558139535,3039.7094551563264
100,1.5871484589970344,1.6037393045610098,0.21520665660930455,0.920658914728682,6325.051871204376