MultiBART_Rhat_Sigma2,DefaultBART_Rhat_Sigma2,MultiBART_Rhat_RMSE,DefaultBART_Rhat_RMSE
1.158032784524243,1.0443749201691832,1.2511556902612393,1.5968646997643101
1.3349718690315602,1.1679489903496978,1.0879976962972753,1.2550777335344736
1.257169440564892,1.0527631630660679,1.1907674330563316,1.143353842183429
1.2301238760117337,1.1783057674467106,1.0919540982129479,1.4047277055584326
1.1089504709479463,1.1777386503018066,1.4378643909488003,1.5555664052519353
