MultiBART_Rhat_Sigma2,DefaultBART_Rhat_Sigma2,MultiBART_Rhat_RMSE,DefaultBART_Rhat_RMSE
1.247082387700715,1.456601837598887,1.298648038005932,1.1927937196898928
1.1170065393775157,1.3218522845557692,1.243812609770881,1.3011385247003426
1.3219336196029725,1.2698528471948396,1.0741904892527017,1.193205306686487
1.213799958917605,2.031019017439946,1.1942013438302204,1.5237849292140593
1.1057696911052635,1.4216435593781425,1.1374360621453194,1.5639004227929776
