MultiBART_Rhat_Sigma2,DefaultBART_Rhat_Sigma2,MultiBART_Rhat_RMSE,DefaultBART_Rhat_RMSE
1.0576856294730421,1.0378803241663714,1.2311518471978729,1.163824107971669
1.1741232790357992,1.0638462341292347,1.163044787987557,1.2434418470070692
1.0989947964403783,1.1432479748055948,1.1545310557860544,1.4932331944587556
1.110906997498556,1.046162162478441,1.2460473901062123,1.1490851899728798
1.1061707498087894,1.121132462837679,1.077462265945251,1.6228163439272756
