multi_tries,Rhat_Sigma2,Rhat_RMSE,Test_MSE,Coverage,Train_Time
1,1.102164768417,1.5320445593524128,132.11421614141491,0.9374942844078646,34.357930707931516
5,1.0659006856023217,1.2605330806480417,130.64136541634898,0.935116598079561,89.34494824409485
10,1.058348825531062,1.206736242147401,129.76861188378516,0.9346593507087334,161.80739307403564
50,1.0967733495800809,1.1697398963741399,129.4537901377675,0.9328760859625056,751.3793471336364
100,1.090577338465287,1.1864947270225372,130.61633381744656,0.9327389117512574,1530.2087802886963
