multi_tries,Rhat_Sigma2,Rhat_RMSE,Test_MSE,Coverage,Train_Time
1,1.8028360179101333,2.0025160531585127,0.2391218682366878,0.9384108527131784,35.520867109298706
5,1.7350942458244876,1.689517965966941,0.2198105429674158,0.9342248062015504,96.63818311691284
10,1.6883287477867686,1.4561012126012538,0.2154126305243324,0.9336821705426356,167.43828887939452
50,1.7106681338793976,1.4143883040581111,0.2147282306090218,0.9290697674418606,745.0216753005982
100,1.8039326017871429,1.5331562283099849,0.21397564399688523,0.9268992248062016,1551.8911645889282
