multi_tries,Rhat_Sigma2,Rhat_RMSE,Test_MSE,Coverage,Train_Time
1,1.648228721353194,1.5334024789846614,0.6049656173839141,0.8877563704164076,52.14793200492859
5,1.7630260890938452,1.904954865669348,0.6238855692042347,0.8569297700435052,137.277423286438
10,1.8942597766559208,1.8954002837349944,0.5924704666274357,0.8453697949036668,238.53942098617557
50,2.1419503059970317,1.8338836724136507,0.6527834645651278,0.7893101305158483,1177.794603061676
100,2.0705925818886515,1.7529276983873292,0.6451862856885668,0.7853325046612804,2385.7253754615786
