MultiBART_Rhat_Sigma2,DefaultBART_Rhat_Sigma2,MultiBART_Rhat_RMSE,DefaultBART_Rhat_RMSE
1.057315274795062,1.1307099696070246,1.2672592138216388,1.22422473352468
1.0874624764879215,1.0584909025557279,1.117395125513386,1.455548363950071
1.0173243685648699,1.0767890044025061,1.3328356758033297,1.3402425890888543
1.0832978625533434,1.1205524418753208,1.1325210907173737,1.6655254298646165
1.0463441452541127,1.0382714694543342,1.183670104881277,1.4234489668715724
