MultiBART_Rhat_Sigma2,DefaultBART_Rhat_Sigma2,MultiBART_Rhat_RMSE,DefaultBART_Rhat_RMSE
1.0277229997541653,1.1065796084500235,1.0951290156866191,1.1111687737377969
1.1347382215878838,1.0437701428521329,1.0557762225618317,1.0958911169557881
1.1118711189138584,1.1962894640949304,1.1396260889179517,1.18327601602361
1.109428673924346,1.0669192372173728,1.0615186095106182,1.1727585012629342
1.0513243827262015,1.051076904571385,1.0509394826755891,1.3820315584491418
