MultiBART_Rhat_Sigma2,DefaultBART_Rhat_Sigma2,MultiBART_Rhat_RMSE,DefaultBART_Rhat_RMSE
1.140023429968906,1.160567655215189,1.194167952867442,1.4338551266896062
1.3116967763284784,1.1698394953277906,1.2616987339310828,1.5199895270103252
1.3063182039493215,1.12242347553394,1.1049235495477412,1.3033162604979844
1.21217943930125,1.1599431739239636,1.2082740175277236,1.3859605907314323
1.0820049791442887,1.1125903419388465,1.1280368163776318,1.3309467021599417
