multi_tries,Rhat_Sigma2,Rhat_RMSE,Test_MSE,Coverage,Train_Time
1,1.0301697527657914,1.5041574847422452,130.92049243916625,0.9384545038866026,114.11049556732178
5,1.0261160951421424,1.1979279328852719,129.9196745596651,0.9369913122999541,293.93039298057556
10,1.043764744918199,1.1992249460554216,129.46085332743388,0.9355281207133059,478.74226932525636
50,1.0294231313297009,1.1112246124291631,129.31520301916962,0.9350251486053954,1798.6847639083862
100,1.0559380559247915,1.1014287444457205,129.70623843667613,0.932830361225423,3527.5865244865417
