bart_mtmh,bart,btz
14.009735827368784,14.164128005197298,16.86738
14.04048535215136,14.548063069405327,16.054396
14.090128217637746,13.85634889303748,16.670362
13.475880240195087,14.381097022052751,16.486677
13.767864260475541,14.708651020136934,16.565779
13.427241190686102,15.151813938068456,16.349762
13.48667425071403,14.399517761390182,16.670694
13.730856337516762,14.653067200160601,17.270706
11.747018429151765,14.026214599665016,16.586681
12.41756167977059,13.66405628452971,16.103455
