multi_tries,Rhat_Sigma2,Rhat_RMSE,Test_MSE,Coverage,Train_Time
1,1.2523436744168153,1.3812868846218944,20.00330459073228,0.9100775193798448,26.971359968185425
5,1.1979695597477475,1.3395465649412042,19.61261994776454,0.9193798449612404,57.55664663314819
10,1.1800809021989562,1.2887280112129125,19.366921630352103,0.916279069767442,94.10191044807434
50,1.078785029275077,1.1247309868848825,16.040148290615374,0.9379844961240312,383.2164080142975
100,1.0753218848529331,1.120945488090293,17.748036407523138,0.9426356589147288,655.0963271141052
