multi_tries,Rhat_Sigma2,Rhat_RMSE,Test_MSE,Coverage,Train_Time
1,1.784598417032433,1.6723950388355437,0.6150966296221478,0.8907395898073338,62.54305467605591
5,1.7676117232812516,1.9492498015053101,0.6085399728064254,0.8671224362958359,150.83936610221863
10,1.7680493583272003,1.7640445980276014,0.5921112788853203,0.857799875699192,240.95348305702208
50,2.00331603468727,2.100154816343298,0.6144388320383029,0.8062150403977626,991.6656752586365
