multi_tries,Rhat_Sigma2,Rhat_RMSE,Test_MSE,Coverage,Train_Time
1,1.1087405610122616,1.4104220369010938,0.4686524869897842,0.9399384615384616,54.45394010543824
5,1.1563382580283863,1.159460488846242,0.4640505062060223,0.9339076923076924,142.43103408813477
10,1.213517108522947,1.124648928737453,0.4597111719728988,0.9335384615384617,240.7669479370117
50,1.212719136256272,1.2066756455714809,0.4485289954429688,0.9287384615384616,938.6123466968536
100,1.3515914366953168,1.1308526124536642,0.4507535436223796,0.9277538461538463,1927.8782032489776