bart_mtmh,bart,btz
8.03719828858023,8.08258206297806,8.332618
7.966056713267482,8.213273198726244,8.298976
7.849605662731382,7.958014414697349,8.186538
8.07506364287879,8.108953579548487,8.29292
8.216995659880348,8.293824579083967,8.4273815
7.869563644952272,7.985721371982549,8.272316
7.959084276834214,8.028396754869249,8.3135605
7.869422443515793,7.9553593387121895,8.243681
7.9039043352420215,8.048337213847203,8.307837
7.900066049395989,7.960644647224811,8.157551
