multi_tries,Rhat_Sigma2,Rhat_RMSE,Test_MSE,Coverage,Train_Time
1,1.0160656639094974,1.0047061496360778,0.016382424962411525,0.9404255319148935,22.553078746795656
5,1.0076027847284952,1.0034506682442659,0.01593328102847016,0.9319148936170212,36.3343900680542
10,1.0070321343037931,1.0035101224646046,0.01600692393131396,0.9319148936170212,54.52677068710327
50,1.012920286149183,1.0084255944083864,0.015772880704952447,0.9404255319148935,216.24177594184874
100,1.0215690899444865,1.0052644940524496,0.01591774158987435,0.9404255319148935,483.76762957572936
