bart_mtmh,bart,btz
36.58358867900529,36.62494959041279,36.717056
36.58495261872847,36.64586795552431,36.715176
36.54728416502682,36.58973280157584,36.689304
36.54964185430225,36.61966747497283,36.672443
36.47695279424228,36.531637666406816,36.624447
36.56712842273112,36.59476249889237,36.724834
36.54706078220754,36.59130402902366,36.669903
36.54361275495762,36.58657565403549,36.662045
36.5108092503939,36.54744468036064,36.66676
36.56540122137002,36.61613725584919,36.70236
