multi_tries,Rhat_Sigma2,Rhat_RMSE,Test_MSE,Coverage,Train_Time
1,1.6023248560921712,1.9608227279374795,0.22308857076765426,0.934108527131783,125.26671833992005
5,1.5956268290574454,1.6096581668323016,0.21818436175903347,0.9295348837209303,287.39138889312744
10,1.5318200742040031,1.7114939314290862,0.21389071438662777,0.9266666666666665,467.64140367507935
50,1.6166036026064803,1.6906882606179585,0.2141345894158257,0.9227906976744187,1739.1556762695313
100,1.597468849037337,1.5379862654091077,0.2155756546464569,0.9187596899224806,3138.195678377151