multi_tries,Rhat_Sigma2,Rhat_RMSE,Test_MSE,Coverage,Train_Time
1,1.019142415262535,1.5317994545842994,87.9150063787317,0.936721536351166,622.4496673583984
5,1.0048337942891254,1.3740259520426634,87.77033168400575,0.936604938271605,1307.9854702949524
10,1.0072237520603227,1.3552160749198665,87.63093286976286,0.9362825788751715,2163.334612941742
50,1.0050313086278844,1.099639055352458,87.48068806900554,0.9364197530864198,7524.373794460296
