MultiBART_Rhat_Sigma2,DefaultBART_Rhat_Sigma2,MultiBART_Rhat_RMSE,DefaultBART_Rhat_RMSE
1.0000151386968286,1.0103247432401055,1.4999927392197658,1.1124671242850581
1.008155223422168,1.014104434757228,1.373993147672438,1.899492983144074
1.00250616850798,1.0138898580068705,1.1334033646569792,1.1691799020591314
1.0164532635964556,1.0072193498865005,1.3249615263244716,1.3095088765271448
1.0089889660781803,1.0038991885163453,1.443729596725677,1.3604065903973843
