MultiBART_Rhat_Sigma2,DefaultBART_Rhat_Sigma2,MultiBART_Rhat_RMSE,DefaultBART_Rhat_RMSE
1.2146685668324477,1.0443749201691832,1.22078006949438,1.596864833325307
1.3542741530392879,1.1679489903496978,1.1484544049005778,1.2550776083844655
1.1868707346918252,1.0527631630660679,1.0633494045998693,1.1433541705160506
1.2328542108884097,1.1783057674467106,1.0948845793119817,1.4047273953876034
1.0789178771627639,1.1777386503018066,1.0957761853804568,1.5555664425666835
