MultiBART_Rhat_Sigma2,DefaultBART_Rhat_Sigma2,MultiBART_Rhat_RMSE,DefaultBART_Rhat_RMSE
1.0102085112264894,1.0081282948274295,1.0121729369143706,1.0087085018450712
1.0064235238099721,1.0002283892095636,1.0009044956852964,1.0053592242029488
1.0027978206990495,1.0066533822541295,1.001717910748192,1.0073517283645352
1.0117009214523458,1.023598648777667,1.0021383789476712,1.003872116741242
1.0040298943311097,1.0047626381890649,1.000616890027493,1.00108274821362
