bart_mtmh,bart,btz
2.477598889306164,2.5648531885334367,2.6553335
2.480738700461252,2.572649577847121,2.6674643
2.4422179217174076,2.567846651032097,2.6461637
2.497261577946396,2.6135320521665713,2.679938
2.527679079227507,2.5633541783971627,2.657616
2.4817240728729666,2.5984091895116146,2.6558704
2.46063965749267,2.570487994366178,2.6659636
2.4610209032284973,2.55616716876111,2.6544921
2.5576914348266415,2.6040178753720618,2.708181
2.436831619859587,2.5314734545687614,2.638958
