bart_mtmh,bart,btz
1.5681141413894486,1.7073579328813662,2.1674404
1.5861303464206837,1.6919263956120272,2.1809835
1.5724477890882413,1.6935507165829984,2.1491623
1.596266116252242,1.7031814733967259,2.1661978
1.5796419378206672,1.7109358291300696,2.160843
1.556150710870343,1.6828973090216888,2.2012944
1.5936886851064254,1.7102667690129498,2.1658378
1.5481644137547061,1.695076231285612,2.150492
1.5721025494284129,1.690308167732421,2.1182811
1.5572153565451399,1.688215665471528,2.1479268
