MultiBART_Rhat_Sigma2,DefaultBART_Rhat_Sigma2,MultiBART_Rhat_RMSE,DefaultBART_Rhat_RMSE
1.091997237680793,1.3110045779629858,1.189981557155573,1.4096095999565594
1.0490522973402174,1.2891728566628244,1.2839336778829367,1.1369200265461181
1.2387172092457157,1.3721755431518357,1.0555414071604676,1.3606904491564062
1.287588779900616,1.478060094522065,1.5788262965675555,1.6908545658467942
1.2330489868274381,1.2895920105047625,1.335357117298028,1.4046796887639212
