MultiBART_Rhat_Sigma2,DefaultBART_Rhat_Sigma2,MultiBART_Rhat_RMSE,DefaultBART_Rhat_RMSE
1.029790734321412,1.1177110423306642,1.2893816415503956,1.1881025789308357
1.0591186324688555,1.0479647190042336,1.205978836083874,1.2384581756811552
1.0184067835050883,1.018817127427725,1.0354008277371702,1.3683064756699705
1.0225056927093399,1.0398621678600044,1.3205701953260467,1.5920961718840096
1.0890018815862998,1.0563414520880672,1.1447932295796208,1.2686507237533902
