bart_mtmh,bart,btz
43.82346754467141,44.15456950837823,44.804504
43.65733454799154,44.03891087200455,44.809093
44.08315806604603,44.424993591968374,44.62646
43.807454656678836,44.14600248715433,44.80654
43.671768398624316,44.13281050339532,44.729233
43.6184776160878,44.09390109345749,44.652866
43.88935764653372,44.286289210357324,44.74677
43.49427729976289,43.91741312432392,44.5988
44.028957547759234,44.2143596969893,44.850452
43.933370938922266,44.12294837587659,45.19623
