multi_tries,Rhat_Sigma2,Rhat_RMSE,Test_MSE,Coverage,Train_Time
1,1.0547008999712684,1.3276335316094587,4.814373702572281,0.9339712918660288,36.856459093093875
5,1.059678024462246,1.2004259236435428,4.791193863168079,0.9347368421052632,83.95702128410339
10,1.0910227823195127,1.118472918212197,4.794712682269669,0.9335885167464115,137.1747598171234
50,1.0742188835377973,1.1083211196679437,4.8195597413418465,0.9314832535885168,558.5330212593078
100,1.10635038171893,1.0814860907508095,4.881027991070662,0.9311004784688995,1062.2145091056823