bart_mtmh,bart,btz
2.623811505855995,2.6523521854586996,2.7731502
2.617672096300767,2.67544286283249,2.7821777
2.619935249081665,2.6376223065768447,2.71171
2.588067237471538,2.685850042088362,2.8105645
2.5994697297731832,2.6375909965908075,2.7830706
2.660142826125303,2.6786730888893273,2.786824
2.5937851352061627,2.63668021310453,2.7622013
2.60945270308335,2.618997026230835,2.802771
2.666811883962027,2.6869297501562577,2.8084753
2.5860024745409484,2.6352993300959224,2.7519152
