multi_tries,Rhat_Sigma2,Rhat_RMSE,Test_MSE,Coverage,Train_Time
1,1.6636551796167471,2.0067690720535216,27.52562396241454,0.9236434108527132,5.183091711997986
5,1.5604857459030717,1.7879490522087014,26.88520163743513,0.9124031007751938,8.160700607299805
10,1.7272501816692667,1.7560766059197046,27.351910842502303,0.9062015503875969,12.213486480712891
50,1.5569960330338708,1.5246267914473584,25.179474109754093,0.9077519379844963,42.09479644298553
100,1.3921901918250232,1.4327241403999842,23.60408243073739,0.9178294573643411,86.3858829498291
