bart_mtmh,bart,btz
1.7650037663445999,1.943562964201421,2.5851634
1.7789780653748246,1.9841892395086347,2.5922046
1.7594711621775978,1.972819067025718,2.574187
1.76710134240532,1.9742992276545046,2.6443646
1.7593819197387093,1.9640031020477646,2.6818154
1.7492472680278435,1.9675222771764505,2.6202297
1.785141357991951,2.001046149129072,2.5659418
1.7779210346468415,1.9514096959703107,2.540695
1.7246145870940808,1.9793296468419077,2.5100524
1.7408074789594477,1.9239724706985246,2.7093868
