multi_tries,Rhat_Sigma2,Rhat_RMSE,Test_MSE,Coverage,Train_Time
1,1.1653389685917745,1.6495708406462093,0.4906293715387767,0.9392615384615384,9.357125544548035
5,1.126506113120463,1.57351103593376,0.4917116705215112,0.9353230769230769,17.676687026023863
10,1.1227412052137644,1.685353802667223,0.489285832053706,0.9372923076923078,34.59967839717865
50,1.2000135450490226,1.4568066803682291,0.4817925840720669,0.9359999999999999,116.11650130748748
100,1.1734400341331936,1.4153181772951346,0.4825915118009806,0.9359384615384616,196.52996501922607
