bart_mtmh,bart,btz
8.207592337337074,8.4456966501955,8.746543
8.24289497254951,8.29286383974365,8.856377
8.084110978915565,8.087186250164514,8.529008
8.169340849633997,8.393205282985813,8.822636
8.32510016919937,8.393616100367863,8.943718
8.098582487086174,8.307233156760622,8.635162
8.116350999686446,8.199850735772449,8.676981
7.972176500352713,8.074813155085716,8.543354
8.085669264644222,8.368912203798349,8.690298
7.999281441698846,8.13701137924785,8.556941
