bart_mtmh,bart,btz
44.1027789204965,44.68042183856715,45.541656
43.92419159865744,44.538546504664694,45.50443
44.08076745227292,44.749674556981326,45.343864
44.25804905321045,44.60935837129295,45.396763
44.1520679357813,44.63673474021154,45.43938
44.01358741350143,44.81155590938626,45.23946
44.61833653709876,44.58762441993065,45.475037
44.0069404094838,44.713054665137086,45.160603
44.15133112159069,44.5686786253186,45.112724
44.26048205212887,44.968028607739704,45.750504
