multi_tries,Rhat_Sigma2,Rhat_RMSE,Test_MSE,Coverage,Train_Time
1,1.0992467812446591,1.8953031276066021,132.41438556147247,0.9409922267946959,14.74992663860321
5,1.1022133684604005,1.8123073012145792,131.62307517720615,0.9383630544124371,32.88439044952393
10,1.0802899307948273,1.7309133683127158,130.79614459933268,0.9386145404663923,52.256230640411374
50,1.0830759767192617,1.5600836458117544,129.6969034957307,0.9377229080932784,193.29628541469575
100,1.0723521127544742,1.5458994494152827,130.05825428264848,0.9383173296753544,390.4659994840622
