multi_tries,Rhat_Sigma2,Rhat_RMSE,Test_MSE,Coverage,Train_Time
1,1.1733104635666243,1.5814789084726442,5.208729714164054,0.9296650717703349,9.620935916900635
5,1.1447536160788578,1.5257325360359955,5.246353085765524,0.9269856459330142,12.78730640411377
10,1.2112092423307523,1.5826709976578681,5.300565441074607,0.9258373205741627,19.199819374084473
50,1.2610718578795952,1.390170257419858,5.412333929504423,0.9200956937799043,73.27822921276092
100,1.2882363557020489,1.453036583400843,5.374049955678105,0.9212440191387559,138.6802324771881
