bart_mtmh,bart,btz
36.77321461110676,36.92200076024105,37.1697
36.70929239231424,36.83568497792462,37.23503
36.7074526017573,36.87068976723481,37.18132
36.73238807937886,36.90096529341985,37.19693
36.63409828994915,36.78702113141157,37.03917
36.69659233017321,36.825853311009425,37.274105
36.709330749228435,36.80799734621213,37.18345
36.690728828775,36.86637340431078,37.141693
36.6930649814531,36.84922404399099,37.266796
36.68491921038885,36.883433177560725,37.239822
