multi_tries,Rhat_Sigma2,Rhat_RMSE,Test_MSE,Coverage,Train_Time
1,1.182227281185275,2.421256977375918,88.9303962099559,0.937318244170096,94.44423379898072
5,1.082510100412683,2.1470294538229466,88.54569485561208,0.9371913580246914,187.21202578544617
10,1.0535894684383416,2.1453840643436606,88.50319548765758,0.9370644718792868,317.72216205596925
50,1.0371552066850136,1.9402027356749874,88.21857689787763,0.9366803840877914,1134.1823246002198
100,1.0196433534447493,1.9540897694856767,88.21535400345704,0.9367249657064471,2028.0097263097764
