multi_tries,Rhat_Sigma2,Rhat_RMSE,Test_MSE,Coverage,Train_Time
1,1.7773641697333478,1.8057721903311186,0.6849685957993401,0.9022374145431945,10.484334659576415
5,1.8195600798100795,2.167122566956036,0.6938805822457176,0.8911746426351771,22.07900815010071
10,1.9624248860930695,2.0057246675571117,0.6860815542165772,0.8839030453697949,39.1613151550293
50,2.032109380810174,2.1047857043908373,0.7117557028352978,0.8655065257924177,133.89359233379363
100,2.2358209767100186,2.245732253356198,0.7226053717540281,0.8530764449968924,308.653514122963
