multi_tries,Rhat_Sigma2,Rhat_RMSE,Test_MSE,Coverage,Train_Time
1,1.9138577263136392,2.3244242856008204,0.2765809963174828,0.9377325581395348,17.661878299713134
5,1.8236837325929838,2.0039409642377346,0.2557179282184868,0.9336821705426358,40.83852207660675
10,1.8125133846315733,1.885327958642891,0.24893547609943806,0.9319186046511627,71.91253881454467
50,1.7639070169425952,1.9122270219398587,0.24160227328676714,0.9252325581395351,311.40897328853606
100,1.7779785536365165,1.9040995716579647,0.24243542145855002,0.9235852713178294,516.905865573883
