multi_tries,Rhat_Sigma2,Rhat_RMSE,Test_MSE,Coverage,Train_Time
1,1.1432750101685738,1.2490444899856306,0.0162853277490361,0.925531914893617,3.3118946075439455
5,1.1296229634732327,1.1677031276257643,0.014940893885939041,0.9361702127659575,5.294196581840515
10,1.1461200767976396,1.208555990559146,0.015577711313109668,0.9404255319148935,7.95211169719696
50,1.118232744731172,1.1129351024115428,0.015477142534693348,0.9361702127659575,29.935143375396727
100,1.150306044613265,1.08099988464456,0.015429826483371451,0.9404255319148935,63.72153387069702
