bart_mtmh,bart,btz
2.3469724046933287,2.7646233871375867,3.5697122
2.297492176440035,2.6629694332958525,3.6094174
2.3610280854978,2.7695305297881463,3.5003672
2.423685605209232,2.6668700881925256,3.5554123
2.368998666595983,2.8181695154962756,3.6240015
2.335854919071854,2.7557529090846424,3.319081
2.3400231083264442,2.704482392101347,3.5652263
2.3849349186160302,2.742019658084089,3.6119301
2.2325794282351814,2.768294823944145,3.4801617
2.4013797959358016,2.75460792312205,3.6126993
