bart_mtmh,bart,btz
16.31662430510954,16.95092667645021,23.395123
17.578150356541663,19.832178937605242,22.303576
17.164720876883642,17.694155165204695,21.457294
17.37919079517643,18.847052056138114,23.632275
16.849398036249116,19.445534350304612,25.843271
16.724097544893475,17.986212871657667,24.027647
15.815319415060095,19.151699953475575,23.861273
16.92861178527313,17.958919701592325,21.435762
15.3266758601046,18.18169181860776,22.19071
17.301645143304167,17.47069448265488,24.474064
