bart_mtmh,bart
4.841730236826506,4.8952361365208565
4.734074316898074,4.73531251074749
5.383013507309662,5.349640354109876
4.600671773366983,4.562785039435266
4.545671851978572,4.349667158238767
5.2274108276994875,5.114157569149225
5.062936043536025,4.9859950964137285
5.356829525416894,5.258908631154426
4.953411538910996,5.098315057601491
5.23546090370886,5.181944233283127
