bart_mtmh,bart
0.21497014773788836,0.22575095712547652
0.22162176579930556,0.22865015738937775
0.22850005624430564,0.23475196170532492
0.20751632241439996,0.21515970137999862
0.22072415002291526,0.22720328079562202
0.2220223629955272,0.22396541032861284
0.22006746137900426,0.23158785709028482
0.22756914783727225,0.23621095276830567
0.21724135390570362,0.22742697558348043
0.21526831113744094,0.22835983499312407
