bart_mtmh,bart
0.5699794459430668,0.6475529506378412
0.6066402162783846,0.6266774392428117
0.6224402977135639,0.585603174420864
0.623072501275284,0.6882537163793832
0.5580043755524519,0.6037268861296027
0.6078482358337216,0.6361302156112857
0.58492762173515,0.6063580559672856
0.5593259452135995,0.5635814539867174
0.6291103000356321,0.620404564826556
0.5963539340078253,0.5957080947810999
