multi_tries,Rhat_Sigma2,Rhat_RMSE,Test_MSE,Coverage,Train_Time
1,1.0561637335322147,1.0743477721988455,0.019315114790861267,0.9148936170212766,24.751038360595704
5,1.0737842267376163,1.041043748801722,0.01902242817739781,0.9361702127659575,71.7046510219574
10,1.1798976890304427,1.110336771411093,0.01758307356869912,0.9404255319148935,145.00262064933776
50,1.1043846633544658,1.0652028887683798,0.017576776743840106,0.9319148936170214,808.2743511676788
