MultiBART_Rhat_Sigma2,DefaultBART_Rhat_Sigma2,MultiBART_Rhat_RMSE,DefaultBART_Rhat_RMSE
1.0217835233068402,1.0204440060870388,1.1758254334448286,1.8210928314570085
1.0187528742061183,1.0319500464320002,1.1035347730927114,1.261651099586646
1.0101905637469462,1.0596257480196718,1.185626640525565,1.579073029159605
1.0241767639395665,1.00979286882967,1.1378328300957274,1.4977560609825107
1.0539258917101144,1.0359159471802333,1.2419115180184095,1.4616217492594519
