multi_tries,Rhat_Sigma2,Rhat_RMSE,Test_MSE,Coverage,Train_Time
1,1.370132166249315,1.5176395816860218,22.81083419257261,0.9031007751937985,33.30870876312256
5,1.2198782640498655,1.3599641019644646,18.540922134859844,0.9224806201550388,78.45740218162537
10,1.1189969261199906,1.3050665115171194,18.49706963383351,0.9364341085271318,139.51483182907106
50,1.0816858395166737,1.1361581685789481,17.93117550863584,0.9364341085271318,810.5552150249481
