multi_tries,Rhat_Sigma2,Rhat_RMSE,Test_MSE,Coverage,Train_Time
1,1.0576815159613122,1.4236984505985295,131.05738122203542,0.9368541380887059,94.4183678150177
5,1.0542001102499792,1.1914296691555826,129.61676893800148,0.9369913122999541,278.65168290138246
10,1.025765923381917,1.1689462390354484,129.4257635104385,0.9356652949245541,513.0707764625549
50,1.0298368880309696,1.134988420469924,129.6035641930228,0.9345221764974851,2404.5220428943635
