bart_mtmh,bart,btz
43.80991884090545,44.07766312647193,44.77196
43.676568024033664,43.98047647886359,44.843945
44.005375648839305,44.30295012108035,44.63632
43.689552487662205,44.18837793304751,44.809223
43.69586609290876,44.09461267250153,44.708122
43.48325106772253,44.14852668435132,44.62821
43.94590757876872,44.275508326770975,44.75421
43.61687950384194,43.914252359657866,44.62008
43.775538396708065,44.19105416917563,44.81215
43.831599884962586,44.353937841437244,45.203686
