MultiBART_Rhat_Sigma2,DefaultBART_Rhat_Sigma2,MultiBART_Rhat_RMSE,DefaultBART_Rhat_RMSE
1.179943622388054,1.076311570943643,1.115513363078829,1.0472206902854349
1.368625538476034,1.0504529323387064,1.2134100984572158,1.259303262392559
1.0436594218665796,1.03883852144572,1.0345746173632266,1.046507453829145
1.0789220260847623,1.0546204629535763,1.0138111158992762,1.1013670673159255
1.2283378363367836,1.0571564216955414,1.1743746622569176,1.0587224030479223
