bart_mtmh,bart,btz
8.109634701664104,8.212760791593968,8.325385
7.94057016270843,8.194860026881646,8.316846
7.892254023639985,7.979378881875007,8.190982
8.065333345333846,8.145712683131844,8.27329
8.252258320248927,8.345708739313789,8.417682
7.78237166818962,7.961348903917755,8.254346
7.824169540937725,8.087867677213067,8.292959
7.845634987072514,7.912299500571158,8.242685
7.95435924676338,8.032867430667164,8.314307
7.911243938245307,7.999038470794457,8.156194
