MultiBART_Rhat_Sigma2,DefaultBART_Rhat_Sigma2,MultiBART_Rhat_RMSE,DefaultBART_Rhat_RMSE
1.2609002780947673,1.085565285022625,1.1830434052826664,1.07605632416022
1.0674654175636609,1.0995441974414604,1.111716104380879,1.1446127098245507
1.0899594181825585,1.1139958518950916,1.097008305103774,1.217720415917664
1.0554254562534797,1.1133781533152978,1.061305492266472,1.2296604094676384
1.080346076429442,1.0206193692755117,1.263234829641762,1.295368173050013
