bart_mtmh,bart,btz
14.282149235809484,14.649350606709339,16.784819
14.666648794545736,14.943038773252706,16.096062
13.393853313301088,14.465370870511341,16.671717
13.093386341735695,14.147939835096468,16.435133
14.167979417000046,15.152545592831235,16.630987
13.712281985399185,14.574328295982522,16.320253
13.850267031282865,13.986934014807492,16.703936
13.970705282329718,14.791683178011784,17.215754
11.139513788548781,14.022812198480334,16.57912
12.897648526072299,14.040122352845941,16.119907
