bart_mtmh,bart,btz
36.57017478964696,36.63315222619248,36.715908
36.561284165174754,36.63273007543363,36.71069
36.515304106303184,36.620472491902355,36.685307
36.519567529825615,36.564964064834854,36.6736
36.47818039809487,36.51328717543747,36.62265
36.533298163898245,36.591726311565985,36.713333
36.52584208844637,36.6053600798264,36.663113
36.50994725289644,36.54210805800611,36.674175
36.48677279268015,36.54791736903865,36.661663
36.55319577315512,36.60300633025288,36.707047
