multi_tries,Rhat_Sigma2,Rhat_RMSE,Test_MSE,Coverage,Train_Time
1,1.1196522518855987,1.352719794474277,0.4724738502777595,0.9376000000000001,57.96986103057861
5,1.1725005531998494,1.286618566841463,0.4608797899706981,0.9340307692307693,161.31888303756713
10,1.2037118505595714,1.1690163901484945,0.45299015813360793,0.9351384615384616,295.9430410861969
50,1.3590494810514198,1.1486267942382236,0.4519660799685313,0.9276307692307693,1468.6906708717347
