bart_mtmh,bart,btz
1.9440186402982986,2.4415760819844134,2.861102
1.838295764790668,2.404530302712315,2.793565
1.8424042583727533,2.483551310651326,2.9399867
1.7312032682919685,2.3601901575768665,2.7477853
1.8398699286128002,2.439442503648985,2.8803108
1.8738239278857176,2.431210863053474,2.8608475
1.786078022682917,2.4300925033539693,2.8450377
1.8059454555216115,2.3934842963841922,2.8497164
1.7642083095534078,2.390521922139509,2.802412
1.8738611047787386,2.517967186286521,2.846625
