multi_tries,Rhat_Sigma2,Rhat_RMSE,Test_MSE,Coverage,Train_Time
1,1.7954256945199751,1.9339200908242595,0.6275484908749733,0.8959602237414543,57.714973306655885
5,2.14883927554405,1.7441432937815677,0.5950272430470231,0.8694841516469858,164.36898341178895
10,2.4765943614258825,1.7004191945405502,0.6252278827528934,0.8541951522684897,293.11640362739564
50,2.0488713377681393,1.8340053238124465,0.6351068352721143,0.8146674953387196,1462.5755137443543
