multi_tries,Rhat_Sigma2,Rhat_RMSE,Test_MSE,Coverage,Train_Time
1,1.0744538294544985,1.379214808635335,4.795435356956108,0.9312918660287082,37.756892108917235
5,1.0744886260438151,1.163688269484443,4.694579621734581,0.9349282296650717,116.71608519554138
10,1.1108193293047817,1.1432616273351106,4.758144377050506,0.9364593301435405,219.12001504898072
50,1.1057084395041765,1.0633094867341442,4.841881693573941,0.9330143540669857,1138.1252799034119
