bart_mtmh,bart,btz
2.4699211321138876,2.5806139282661897,2.6538236
2.486109929502368,2.628793523210664,2.670596
2.412579438111802,2.5693416500594317,2.6486123
2.4998521145625965,2.608339168233224,2.680315
2.5018468229677904,2.58049746545643,2.6586268
2.4759371119207274,2.562467421675103,2.6546597
2.465962134365763,2.5962977412117727,2.6665304
2.4610757590046064,2.554039602872769,2.656875
2.5533061128544685,2.6031494902871937,2.707357
2.453369080050457,2.5527217991805156,2.6402938
