MultiBART_Rhat_Sigma2,DefaultBART_Rhat_Sigma2,MultiBART_Rhat_RMSE,DefaultBART_Rhat_RMSE
1.1762993468254093,1.1640760062907227,1.3779434349840152,1.5582583221630961
1.025722780584671,1.225269991310808,1.3524790792414652,1.4571870418975974
1.1174542223592714,1.483751821519034,1.4006220006987824,1.9944043848342183
1.1127483623128487,1.2774043720171793,1.1594194823647415,1.8289537597869645
1.1627599185177528,1.4794209015867852,1.234868560296593,1.367790661972469
