multi_tries,Rhat_Sigma2,Rhat_RMSE,Test_MSE,Coverage,Train_Time
1,1.6255004487505864,1.7629533078638815,0.21725689818554378,0.9353488372093024,149.29186396598817
5,1.5769351195540193,1.8177700873146363,0.20830241014740403,0.9296511627906977,425.420777797699
10,1.6329463047925572,1.8186891452659109,0.21166199682447034,0.9259302325581394,762.1715353012085
50,1.6352590934948101,1.5309891844240298,0.21221999687282417,0.9193410852713179,3531.3528232574463
