MultiBART_Rhat_Sigma2,DefaultBART_Rhat_Sigma2,MultiBART_Rhat_RMSE,DefaultBART_Rhat_RMSE
1.0900669037587118,1.1043162062635385,1.1269170651583704,1.2375323642729665
1.2475593522356694,1.0777366410791647,1.131944006588012,1.3947559986300002
1.333408161962179,1.08022928031614,1.2003236772901362,1.1233502664913857
1.0424659002112413,1.121225065234812,1.1165283962277055,1.2602260890511183
1.3050589346300547,1.0392003599525914,1.2693688054782486,1.1513937864747466
