MultiBART_Rhat_Sigma2,DefaultBART_Rhat_Sigma2,MultiBART_Rhat_RMSE,DefaultBART_Rhat_RMSE
1.7238554039000489,1.6891083563410323,2.24589833111776,1.9083559315803496
1.7961223712708534,1.936922552408604,1.673107020731499,2.654412413151805
1.7469299965558645,1.7603713974532689,1.6986045701722934,2.0985119858812937
1.6702290402208877,1.870739497113648,1.8409402614688108,1.9247649178033883
1.75811885987609,1.741503261074175,2.149282961707712,1.781175267798119
