MultiBART_Rhat_Sigma2,DefaultBART_Rhat_Sigma2,MultiBART_Rhat_RMSE,DefaultBART_Rhat_RMSE
1.0028524044116676,1.01466409436865,1.364560328954743,1.6722266158740189
1.0017655485477202,1.0198218816811164,1.3742848134772734,1.9514630877513575
1.001926043315777,0.999613164009805,1.1297370776298734,1.6150622693537577
1.0011313917624771,1.0090655580622319,1.068440151225557,1.3610002667088386
1.0071553510308988,1.0205770880360718,1.5452770611400808,1.3477124614211238
