bart_mtmh,bart,btz
1.5415330941958583,1.6795464242109943,2.168645
1.5252388785502855,1.6626281920149455,2.179682
1.5216045443804496,1.6630149102538607,2.1494758
1.5289548285872645,1.6898318509465862,2.1672046
1.522308356769524,1.685417297460927,2.1616797
1.5158277063428558,1.6440730507719217,2.198647
1.5387608368542018,1.6521848346726984,2.1657298
1.5185148991020039,1.6518491779578512,2.1503325
1.5183919301260622,1.658842208313413,2.120146
1.522382274294736,1.6415325256759128,2.1487558
