MultiBART_Rhat_Sigma2,DefaultBART_Rhat_Sigma2,MultiBART_Rhat_RMSE,DefaultBART_Rhat_RMSE
2.4332531520683616,1.7559379347832114,2.3904020986125705,1.197364382232951
2.5315008287159095,2.1723152976547815,1.7399479392317696,1.4603350476278691
2.648725717605158,1.9554205163161762,1.1884022603638944,2.0351597582720378
2.5170750973302694,1.7280444582888836,1.7572923214807759,1.453225490391279
2.2524170114097113,1.674062390195805,1.4260513530137404,1.8017321078493649
