bart_mtmh,bart,btz
1.679270093568757,2.361432710448983,2.8599868
1.719324892713276,2.3451332927042663,2.7901707
1.7321297759387884,2.394558158512881,2.94369
1.6789935249659091,2.253501112201386,2.7524514
1.6971026175588755,2.3564772175544086,2.8818018
1.7172161426103378,2.286091396024476,2.8530147
1.7033175554704378,2.3379206454140067,2.842542
1.695077368249717,2.3458459764508675,2.8486648
1.7036443336252558,2.310069509705792,2.79382
1.7381257810059298,2.33128826095019,2.8487027
