bart_mtmh,bart,btz
43.89753692840805,44.29957548636058,44.804676
43.681485967660024,44.10234774069567,44.82138
43.99620343102306,44.368108478027864,44.60073
43.66918546687843,44.19936040167843,44.828506
43.88006847634069,44.278212374270346,44.708683
43.56045315086288,44.13749739671452,44.632484
43.9193287427939,44.35818806280177,44.795555
43.618727065696916,43.92053578637636,44.592472
43.82001546572789,44.171060293099394,44.842358
43.954437309611265,44.40991074519899,45.198925
