MultiBART_Rhat_Sigma2,DefaultBART_Rhat_Sigma2,MultiBART_Rhat_RMSE,DefaultBART_Rhat_RMSE
2.6368450261711947,1.8462271683231506,1.5755863515788926,1.3643701944857
2.1853229563471612,1.6703066053371118,2.1447267631714735,1.8465375745196375
2.073444575958842,1.5895003226683153,2.054774235933721,1.8661477061004175
1.7633816252564078,1.6989426728294574,1.6895709765268618,1.7314339071251013
2.032789128312907,1.6018662195955102,1.972686141955333,1.4618699802409207
