MultiBART_Rhat_Sigma2,DefaultBART_Rhat_Sigma2,MultiBART_Rhat_RMSE,DefaultBART_Rhat_RMSE
1.8902561887780998,1.8565060662809911,1.5601162508689184,1.8836765946485297
1.6902008655161949,1.800828761521353,1.6463809109593763,1.8694858851360612
1.9074673714794295,1.7689601792041425,2.033636309181316,1.8500628323526491
1.7144358301432234,1.9408034385399209,2.0046406925433056,2.1663965849888784
1.717792598429008,1.661469602262927,1.7076552449629148,1.7941656934412034
