MultiBART_Rhat_Sigma2,DefaultBART_Rhat_Sigma2,MultiBART_Rhat_RMSE,DefaultBART_Rhat_RMSE
1.0872738099965396,1.1536429635776673,1.118948145976229,1.2771920090518076
1.095717470103489,1.066439914664398,1.1276616554858159,1.2603107625958379
1.014004510204777,1.1568864944698058,1.0664285279690537,1.1620200514377939
1.1533267607840567,1.0847952629547344,1.1531596054551518,1.3025232440514671
1.0271748390040643,1.055366660555438,1.040390211987776,1.2469367178741466
