multi_tries,Rhat_Sigma2,Rhat_RMSE,Test_MSE,Coverage,Train_Time
1,1.6495611420352645,2.0220728788141096,0.22410428998319487,0.9334108527131783,110.89584016799927
5,1.5176029723838327,1.7420346741608264,0.21281104895653202,0.9303488372093023,308.7809288024902
10,1.7143878618562802,1.5650294816234753,0.21756227078995088,0.9262790697674419,543.2384314537048
50,1.6183014255067618,1.5162399784705636,0.2155602173086754,0.9207751937984495,2772.9428201675414
