bart_mtmh,bart,btz
13.79342091820422,14.759234824920519,16.856497
14.372235528084262,14.375235104761526,16.071192
14.219580127394336,14.883156495136916,16.627243
12.605829025528642,13.540786668362143,16.433155
14.267368771703547,14.552044603538922,16.573692
13.661708787972461,14.533428129308458,16.306211
13.517915419945043,15.248567405575702,16.61391
14.093561495178117,14.594889943908596,17.238094
11.952375989062359,12.998259237595692,16.588951
12.55584383736944,13.557458801028936,16.103432
