bart_mtmh,bart,btz
7.98300963612735,8.140566425783051,8.328688
7.9918683031485065,8.20828622410253,8.311762
7.843996139169227,7.976977583720406,8.177021
7.964588563436039,8.192052187359963,8.296846
8.247860329772887,8.242134511297833,8.424531
7.864846408630613,7.9646443766436885,8.276292
7.859808504646235,7.982658644482376,8.307338
7.896766577451584,7.950721612961799,8.244817
7.931668688697144,8.121479462218563,8.309965
7.8799425385864925,7.979924059673596,8.143359
