bart_mtmh,bart,btz
1.8809545651310358,2.3201568674917383,2.857573
1.8005767088182008,2.2594872703723414,2.787763
1.8391035495582582,2.3488063315902443,2.9460144
1.8031013291776414,2.25984035080119,2.7551985
1.823102712022868,2.3981303987830906,2.8807862
1.9438506161308011,2.324631384001331,2.858663
1.798796801650981,2.291673554714329,2.8461113
1.8850474691876486,2.294775928618035,2.8500133
1.8544415249879231,2.314914045206845,2.7979705
1.8522297717943588,2.333212054813835,2.8482995
