multi_tries,Rhat_Sigma2,Rhat_RMSE,Test_MSE,Coverage,Train_Time
1,1.7944749825822222,1.714823688351224,0.6091872036106516,0.8877563704164076,61.851654052734375
5,1.9264863751795254,1.5842058596919764,0.6094658198178304,0.8582970789310131,175.85387029647828
10,2.138356662409303,1.8874688938332564,0.6020846465060441,0.8411435674331884,306.3886351585388
50,1.9595482161524338,1.7955513160959538,0.6536477081984732,0.7914232442510876,1505.8552996635437
