bart_mtmh,bart,btz
36.59295690611712,36.657008861230544,36.719723
36.59840900436927,36.66952365281535,36.72079
36.55746555844132,36.63899146280251,36.6895
36.559862361819356,36.60664090555144,36.673428
36.50757471007747,36.553268852441576,36.614216
36.56672908836892,36.60312531808928,36.7141
36.59635092456457,36.609163994191576,36.66965
36.559993439748446,36.597753409324284,36.669243
36.53353467387471,36.56929651947368,36.64508
36.58607300369162,36.600896805229006,36.7133
