bart_mtmh,bart,btz
7.921738309040571,8.09281386555186,8.321031
8.038117198008411,8.159686687037548,8.309382
7.926518685597537,7.985763682085108,8.169294
8.00278251565774,8.203138656622075,8.280876
8.232324624919928,8.286540932286117,8.407695
7.836938149747292,7.971133668137824,8.260305
7.901544529138458,8.081277150272967,8.300514
7.8960869434728576,8.067722793703496,8.252511
7.9943915350874795,8.019718213835112,8.307041
7.892921635779488,8.029556571867644,8.14861
