bart_mtmh,bart,btz
1.5685012622459855,1.7104602103959672,2.1703403
1.5599911272863738,1.6919015125010326,2.1780684
1.540224384884631,1.6913062423828331,2.1469426
1.564422500924846,1.7107131338730628,2.167564
1.562433061799362,1.689140205720083,2.1630008
1.5359506264653948,1.6794887484404566,2.200159
1.5493291820345094,1.7120648639352045,2.1651452
1.5236611512923235,1.6670290485362855,2.1514566
1.5626299650589084,1.6871403552282611,2.118233
1.5479354636032663,1.682102013135454,2.1487725
