multi_tries,Rhat_Sigma2,Rhat_RMSE,Test_MSE,Coverage,Train_Time
1,1.0670031874202224,1.2899093831948982,4.785281575847236,0.9358851674641148,42.28718366622925
5,1.0900807801878094,1.1569208518691965,4.814774931563757,0.9345454545454543,130.00210785865784
10,1.0754994780185854,1.101317629374805,4.816197971067288,0.9326315789473684,251.7269826889038
50,1.0801973443115673,1.092314363518458,4.835965081883794,0.9326315789473684,1291.0674656391143
