bart_mtmh,bart,btz
1.5879732518116556,1.7187049921644235,2.1699407
1.578844232805028,1.7038634607746534,2.17804
1.5813121893908848,1.6890421653627943,2.1485195
1.6026162199963712,1.7111973545273969,2.1680307
1.5729617108618053,1.7125225997064262,2.162729
1.5512761212718307,1.6812785000336505,2.1985006
1.579063519789215,1.709798652330841,2.1642623
1.5588036788148836,1.6913875206614448,2.1501555
1.5670335418504633,1.7119510950261696,2.1192448
1.585010790550729,1.7168931083836,2.149209
