bart_mtmh,bart,btz
44.04333982128645,44.28921666456529,44.503174
43.75341411826024,44.26271242782073,44.599834
43.99494795486514,44.47684065842525,44.385387
43.796069360400956,44.291409091881626,44.498123
43.75025003031916,44.29297950636817,44.531406
43.83367512341167,44.158534287230346,44.45985
43.97055422139223,44.341869880209835,44.50755
43.60802349452247,44.04224140604927,44.396297
44.05295701087333,44.34163050775967,44.635353
44.04226365698492,44.2716451775097,44.93342
