bart_mtmh,bart,btz
43.82875193921262,44.16022948793615,44.441185
43.648354555110174,44.04142920963988,44.486786
44.05265123685292,44.417405142325755,44.3092
43.81209483058926,44.167297672060414,44.343334
43.70794610384556,44.17545210727655,44.561634
43.640248178993396,44.07388639595567,44.320274
43.89326088583976,44.308580634227226,44.455074
43.5214971304708,43.92358671655267,44.23188
44.02126687207287,44.17124807560307,44.63144
43.96014362623757,44.11537256978855,44.822887
