bart_mtmh,bart,btz
2.5452462655345927,2.6145468546839212,2.6682975
2.567236104896578,2.6511490688678707,2.6870742
2.5296907075799417,2.6273783444832293,2.6530666
2.5679571635904,2.6652742093518866,2.6998847
2.574625291516803,2.6426639108749157,2.6682878
2.563150720208428,2.6566006698431313,2.6658356
2.5531558526277602,2.6370819139825623,2.6832159
2.5331629030296026,2.6231859881620463,2.6726034
2.5920228419649276,2.6712123457675827,2.723866
2.525903137566717,2.6099853729991658,2.6383936
