bart_mtmh,bart,btz
14.964108229533451,16.685782467902044,17.462067
15.695698385617607,16.75723450143416,16.833178
15.557026172244443,16.66938699284199,17.389915
14.63201113823563,16.087017772303845,16.750666
14.907940192462325,17.479592149983848,17.514744
14.80174529867578,16.961919338137626,16.859861
14.559971991290212,16.342098050458105,17.296755
15.114163913565744,17.145548687221048,18.01401
13.465523611717018,16.14763453936079,17.348383
14.223305224632892,16.839888337434083,16.654318
