bart_mtmh,bart,btz
2.47699941745809,2.560777593062244,2.617869
2.484891814820187,2.573075460330076,2.6431668
2.4428559307321995,2.5643018483413185,2.6116965
2.497190229218298,2.615183264636787,2.6518798
2.528806790574376,2.565852670836483,2.6320071
2.48257901369834,2.595902668671129,2.6274822
2.462193037735231,2.569329424995957,2.613397
2.4603465717171016,2.5534592869360817,2.6216683
2.5569763739796807,2.6034616095180314,2.6749868
2.43622139246522,2.5292175725558756,2.5975127
