bart_mtmh,bart,btz
8.002064861609416,8.185174547836372,8.291874
8.173252894922738,8.245843103067083,8.303667
7.997748577670096,8.074494242245946,8.17648
8.130991871468266,8.238785345193214,8.269526
8.258899707686057,8.347141307061,8.407189
7.9556654763714745,8.120995200507611,8.248606
7.985256942068431,8.188938699065647,8.289938
7.930268385890131,8.075507650038306,8.2154045
7.9791402491723895,8.169790882750677,8.275132
7.910960554385895,8.037079602795135,8.150136
