bart_mtmh,bart,btz
1.6578733644844312,1.7924846230824547,2.131396
1.651678393911006,1.770294229916159,2.1437285
1.634862561428548,1.787459894850334,2.103862
1.6644504744562925,1.7936378129624817,2.1207771
1.6637718196065172,1.7974927678628683,2.1184454
1.6423125541160097,1.7662125387366514,2.1556675
1.6611407795056254,1.7909819250092034,2.1209373
1.613036822038418,1.781062242149476,2.1027396
1.641161103386772,1.783378088504478,2.079107
1.640696931587817,1.7854768588993952,2.103159
