bart_mtmh,bart,btz
1.61179151565753,1.7451349727141494,2.0926704
1.6197183043538983,1.728211513328125,2.0994763
1.606626118096775,1.7316294500522749,2.0653017
1.6313754486655196,1.7438281396621729,2.0842342
1.6271032187527925,1.7531200078884714,2.080714
1.5955785043740138,1.7172281546952657,2.1201763
1.62756983651961,1.7494366742955514,2.081702
1.576504488556238,1.7365730387069893,2.078598
1.601854704302867,1.736009682063789,2.0462856
1.5982255798307734,1.7345119173770223,2.0630572
