bart_mtmh,bart,btz
1.6961361075730974,1.8451694382586594,2.1680667
1.6884992112577781,1.817940563256694,2.1790142
1.6669220758131285,1.8356324318204336,2.1473455
1.7053573364539056,1.8444580369758565,2.163703
1.6977874568669746,1.845557497140071,2.160509
1.6802729765089894,1.8159532284340065,2.1930346
1.6987750943136013,1.837827580306364,2.1568341
1.650500954532107,1.8369718467382274,2.1386738
1.677417390188197,1.838814906683478,2.115589
1.6746305032527067,1.842014525623715,2.1471345
