bart_mtmh,bart,btz
14.026030350130755,14.52570149763238,16.043688
14.319209415702552,14.829388105716031,15.206982
14.693634029883892,14.760139015897748,15.399189
13.550910010292213,14.658116534899332,15.8053875
13.992084202569966,15.35886541329987,15.597709
13.498710643248439,15.358984841350285,15.449498
13.188580955975674,14.74494689806934,15.744675
13.896213755237117,15.218396910323085,16.309517
12.089095808163458,13.994558648780412,15.369762
12.73961503232931,14.214587981939466,15.336907
