bart_mtmh,bart,btz
14.126338059314287,15.118282280520852,16.452515
14.796853082580999,15.4816354262625,15.8075285
14.843304940077385,15.347930732205901,16.101164
13.823085923685234,14.94020265351526,15.850234
14.175477681867154,16.117809736872506,16.341194
13.807039251812146,15.7899710338603,15.875357
13.51751196045333,15.188255205150137,16.202202
14.340943060067527,15.777034142769413,17.015875
12.258772195828055,14.541228798933668,15.985688
13.137309053507563,15.168441013334222,15.670362
