bart_mtmh,bart,btz
1.5704924887876122,1.7081098771130814,2.0686572
1.5875268915353058,1.691955948125562,2.0444434
1.5713171600114384,1.692160381461191,2.0213175
1.5970186355467637,1.704428410643051,2.0451202
1.5795360800716232,1.7104923154274863,2.0418305
1.5558931331107053,1.6821526881130604,2.0873175
1.5927986760936343,1.710221461604795,2.0367177
1.5480531913742739,1.694715740620764,2.0441248
1.570601694932719,1.6901376249459419,2.021802
1.556731327642694,1.687770186754954,2.0183413
