bart_mtmh,bart,btz
44.346739358066294,44.78139250701063,44.93764
44.06190769939198,44.68904164936545,44.920105
44.32319491994022,44.831617234227,44.738647
44.22565093064554,44.740821308320385,45.008522
44.14180252876962,44.7019108378403,44.81959
44.16182000446321,44.605535156683814,44.743805
44.423297186232965,44.79752359581819,44.87683
43.93615791696924,44.555990548762935,44.76362
44.399044196600165,44.800599770435845,44.881527
44.430642019064976,44.85657806366242,45.3414
