bart_mtmh,bart,btz
2.018250390747519,2.393628163364,2.6877356
1.899608448439627,2.4038425469339533,2.6050932
1.9833011937441678,2.4649626597921754,2.72937
1.9339048914245676,2.431351734950912,2.545186
2.0732707756665727,2.523413794338723,2.6923375
1.993614618518721,2.550964521120547,2.6804602
2.025596102270051,2.4758643952407513,2.6676354
1.9374648928908484,2.485512499936966,2.6604815
2.0082552416394086,2.448815998962091,2.5847752
1.997233390959272,2.477156028873108,2.6805906
