bart_mtmh,bart,btz
2.232993981077329,2.5957868735635143,2.845492
2.145155894200352,2.6079676569338552,2.7699225
2.1992395493762893,2.676346383684697,2.9139404
2.152555532801706,2.5769535000754047,2.7048268
2.296835500438655,2.6740171214265143,2.8539946
2.2144751335458013,2.7051007279852817,2.8304975
2.271451575654442,2.6667020684169818,2.8225715
2.1706886332603985,2.666652688247867,2.8263679
2.232470978433806,2.6591581408206766,2.782993
2.2326948414854493,2.659693276664242,2.8418417
