bart_mtmh,bart,btz
8.035690756827039,8.08087250292047,8.222181
7.9447155290671185,8.213162843783234,8.242721
7.834626541498682,7.954665369616714,8.05146
8.075891737636617,8.122468777540266,8.251872
8.215871425673335,8.305747912137452,8.346392
7.870002006176842,7.97291093299475,8.145609
7.974674292302704,8.01719420229889,8.220077
7.872631979502029,7.94491594077371,8.124315
7.89081064304999,8.066164259269929,8.227497
7.922225371640389,7.949992197057879,8.048402
