bart_mtmh,bart,btz
14.365365855096154,15.562758053857122,16.857407
15.059721864866907,15.806832883433277,16.127867
15.065163338842954,15.663821542983815,16.347649
14.054497509731698,15.14115859678235,16.087643
14.24453453464801,16.60424651555921,16.711632
14.096449106728894,16.023209892040732,16.046364
13.653318396902536,15.420231252035267,16.428436
14.481743049966582,16.185286045317927,17.289888
12.51409697936896,14.943944421198841,16.276297
13.415009886847486,15.615372340032629,15.978519
