bart_mtmh,bart,btz
44.18924411691657,44.53812232588586,44.81127
43.87965987991525,44.47137908681312,44.758965
44.16055279957565,44.598693545830734,44.609055
44.057038159831386,44.54373423426692,44.793125
43.94583465045461,44.51608260731936,44.6904
44.00835974162868,44.36428827256929,44.636925
44.18787445078326,44.55177622415604,44.69829
43.73981404585785,44.27091674681223,44.565636
44.185938464163925,44.58673391626237,44.80055
44.20645577622756,44.57028431966625,45.179474
