bart_mtmh,bart,btz
2.503251874656319,2.5657994935453092,2.6327987
2.5060149784301933,2.5854705005732606,2.6517615
2.468205216228707,2.5846216518344467,2.6140745
2.5119569116550213,2.6259809353025574,2.663918
2.53570631040136,2.590353590218244,2.6455874
2.493313829700657,2.6082614587107757,2.6276653
2.4813614812914895,2.586225706054576,2.635309
2.471438193289589,2.5664203429367602,2.6329434
2.562102760916269,2.634356847760782,2.6886377
2.468103944509461,2.5517179643099035,2.6166942
