bart_mtmh,bart,btz
1.8607104759386874,2.282264707044116,2.5923264
1.7609205595598394,2.2772481531172124,2.5121293
1.8218495059466222,2.3613866814118314,2.611628
1.787120236811383,2.3500401391645522,2.4726274
1.932014884653086,2.405869237305813,2.5890398
1.8585072740817314,2.4333806808565157,2.581345
1.8673766529865319,2.373764644970695,2.5680969
1.7971766271440097,2.369532448664261,2.575355
1.8336480303318048,2.3488452576596917,2.4883382
1.8545127582426644,2.362691940559281,2.5910575
