bart_mtmh,bart,btz
8.07118738561149,8.278434990295704,8.360775
8.2623822340691,8.342776538027431,8.369023
8.054410194955468,8.150455076246915,8.213184
8.20723417308233,8.340920577595183,8.33652
8.355545685299953,8.423184934195344,8.449104
8.041941741437405,8.21072499004216,8.284601
8.042258303534089,8.282802478808991,8.338926
8.024392485059286,8.187898889859467,8.2602
8.058814489824895,8.273901263060173,8.346094
7.9953983135337126,8.137487791356106,8.206847
