bart_mtmh,bart,btz
1.7397257288513062,1.9025054415107598,2.205082
1.7340648644743848,1.8744555781830292,2.2115355
1.7114200263039945,1.8950450323822718,2.186922
1.745923597377743,1.8989916841591339,2.2093327
1.7387729094268964,1.9005118664781586,2.1994367
1.722077474573781,1.8684327789817392,2.232735
1.7405528215442083,1.8966184526354426,2.1957507
1.6966682212206678,1.8953671751094945,2.1823008
1.7238440567324969,1.896232887037557,2.1529357
1.7157459219702478,1.9058708825686168,2.1872766
