bart_mtmh,bart,btz
1.6800050870121805,1.8212946808656796,2.1525652
1.6740888807371752,1.7994496189995615,2.1645446
1.653252836354208,1.814918610030314,2.1302648
1.6877058870983486,1.8231450948519354,2.144799
1.6828698982510342,1.825947383039376,2.142876
1.6653131468466587,1.7954154859259934,2.1728072
1.6822713901037638,1.81923651174509,2.1408508
1.6341246311855113,1.81466979750194,2.1221554
1.6629361658861759,1.8160061492611628,2.1009243
1.661247168938813,1.8156600130952703,2.1293197
