bart_mtmh,bart,btz
2.397223880277825,2.7726278881959807,2.9466197
2.3085391647307705,2.79334383014422,2.877608
2.360462752067699,2.8452102204479677,3.0350397
2.319679344854685,2.742366957309612,2.8405344
2.456339374905999,2.8263544665202303,2.9696975
2.3984461102634635,2.854279933905991,2.9446316
2.4413559411617807,2.8235959553893752,2.9333892
2.3525555480732385,2.8219860426948524,2.9451487
2.399230120890389,2.848971447794943,2.9075646
2.3918697269813958,2.8333655284902335,2.94621
