bart_mtmh,bart,btz
8.014655323417294,8.103171233321536,8.233543
8.086736409332753,8.205006634075163,8.243445
7.9339051135000735,8.004585732827561,8.138656
8.062662185741925,8.134762403101501,8.2406225
8.22286576101865,8.310612942019462,8.400318
7.897752274563716,7.995056631824699,8.203232
7.930108760853356,8.062763063555737,8.263678
7.863414649501596,8.00214003399519,8.138516
7.901724265975043,8.051015819991916,8.2587
7.905545409605375,7.993876428650803,8.07466
