bart_mtmh,bart,btz
13.93866943638086,14.125883561260856,15.641637
14.068016041082224,14.611956942113698,14.879308
14.082446633669594,13.91617253458478,15.324913
13.522656371803865,14.331444032973915,15.50201
13.743058053828587,14.769159656730755,15.399032
13.395486507205707,15.134037651543162,15.442669
13.494942202224925,14.44944711047626,15.323676
13.732268452631208,14.61625953425367,15.926756
11.717633722114376,14.001797231213843,14.755075
12.386594178569856,13.670831465235873,14.690637
