bart_mtmh,bart,btz
14.446739586790178,15.915317283003322,17.02968
15.309258224240295,16.013397640297754,16.2779
15.143514005645965,15.95925489555755,16.572174
14.213639737811324,15.332900525381863,16.22873
14.414807247191826,16.85463270660684,16.943995
14.249421729721293,16.206033849159507,16.248964
13.887359263898054,15.518923188414181,16.616047
14.611816390309636,16.41700658900394,17.50755
12.784520957403265,15.321255559802548,16.629398
13.661316170345813,15.995723691064924,16.227217
