bart_mtmh,bart,btz
44.20608531551455,44.638923520220885,44.849472
43.87757269637992,44.52281349164183,44.8207
44.1485764008825,44.677972309938774,44.720707
44.08659325520956,44.60707363089504,44.874817
43.987340147179225,44.5787335134273,44.736977
44.022874774660615,44.39184850221866,44.67494
44.2486797991027,44.57780724078147,44.790604
43.778966366184164,44.37082861722683,44.64916
44.2002286805815,44.645857607638376,44.8075
44.25974387547158,44.62646028307131,45.244297
