bart_mtmh,bart,btz
2.5269146310505857,2.5839528739450484,2.6538074
2.546946512870904,2.631418265529017,2.6680355
2.5040781062663644,2.6051365688080574,2.637864
2.547738711324822,2.6433354867523997,2.6768901
2.5539996734295474,2.6168658296284883,2.656424
2.5339836443559483,2.6336716340596746,2.6509829
2.522719098416383,2.6124642717227635,2.6614666
2.508618493213805,2.595548572530239,2.6508613
2.5765448923578598,2.6529208128627415,2.7050254
2.501021676735541,2.5810925630092143,2.6217873
