bart_mtmh,bart,btz
2.514093839312624,2.579251570616524,2.64428
2.5313759834156135,2.6148162592872217,2.6621695
2.4879127133819354,2.6000763540185963,2.6235492
2.536598520973722,2.637047165611826,2.6659405
2.541537379273954,2.6093396990476503,2.6520555
2.525639237758562,2.625448841785761,2.6423948
2.5084700883018227,2.6028975302012465,2.6482213
2.4977340068546208,2.587483993456045,2.6441135
2.5659157952923404,2.6436714556661562,2.6987042
2.4929275273558478,2.57383636489036,2.6183357
