bart_mtmh,bart,btz
44.151873432156684,44.46208034921326,44.708576
43.8101492289177,44.42963842346693,44.703476
44.06980806598282,44.578028320499,44.546448
43.95268697389879,44.420847131149905,44.71182
43.88735244650623,44.45866905823768,44.586613
43.921525707783,44.29183546514186,44.573406
44.09722742416508,44.476470313974026,44.669262
43.673397718817824,44.20032561518597,44.518375
44.0783588752801,44.505545329921596,44.737827
44.156522865357054,44.486503960915854,45.05717
