bart_mtmh,bart,btz
8.013109478175535,8.200935469395299,8.317748
8.20872945258209,8.28517224904093,8.324642
8.0034852049481,8.08849078992267,8.196298
8.146389870903324,8.252940538517038,8.295724
8.28017222442874,8.346463119012489,8.424631
7.973277863047871,8.12986540992743,8.256284
7.984126837977018,8.204839333571462,8.304231
7.961249650496598,8.109918192753545,8.237029
7.994141973855571,8.202097780354555,8.304927
7.928755613884379,8.06550299031409,8.155876
