bart_mtmh,bart,btz
2.2869240071792203,2.6575921018594526,2.8723192
2.1993416577301494,2.656855970647399,2.8033674
2.2499831194134403,2.732688730336482,2.9561846
2.2091391699258183,2.631990047530651,2.75634
2.3465641769553898,2.72156642135654,2.890951
2.277774303930158,2.755866009725617,2.8699691
2.3273511437917724,2.7182731232407242,2.8610153
2.2322031586753943,2.711888777498784,2.8643131
2.294071680931552,2.7260236936695303,2.828015
2.288977842515323,2.7142869077618696,2.8751116
