bart_mtmh,bart,btz
8.004960694825042,8.141822038642383,8.292118
8.173904952278594,8.2251092665445,8.267539
7.981435210525757,8.042596580874095,8.158968
8.12200497683517,8.191985610813456,8.261886
8.230035508282624,8.326467512797375,8.384288
7.941287190684548,8.079613966920762,8.239978
7.9450611578650605,8.14550574028318,8.26994
7.907989847495132,8.039455615143547,8.198614
7.933272070688875,8.131870273895448,8.277488
7.9126857427092,8.024729606090572,8.122787
