bart_mtmh,bart,btz
2.5284511753178096,2.5973945032488217,2.6549296
2.552692085676877,2.6355473744661313,2.6784942
2.508631287090493,2.6149753864285468,2.6442637
2.5483011128489665,2.6515895001083365,2.6852708
2.5548234620014454,2.6291790726908832,2.6583257
2.5465684724585502,2.642810239700174,2.6555007
2.5311877092193775,2.6195726074016754,2.667018
2.513980625142551,2.6043654321276275,2.6585817
2.5829660006265187,2.653743108466128,2.7092533
2.5089636779314963,2.5901014602953816,2.6280806
