bart_mtmh,bart,btz
2.1532921996296337,2.5271638970518104,2.803105
2.058118156131256,2.5407807821945756,2.7156477
2.122497386359718,2.6000805677033743,2.854691
2.07233645495658,2.5252397632289494,2.641082
2.2136026170126333,2.6209844289854924,2.798691
2.1381618116198347,2.6487656857919597,2.7751672
2.1909318976832535,2.599821773481275,2.7673087
2.0895156443315557,2.606299530186786,2.7682714
2.1545593638881932,2.5696208269134826,2.7160668
2.1487922082169693,2.598560051751394,2.792771
