bart_mtmh,bart
0.21020189319296506,0.2208081753034321
0.22234964344168057,0.22780984146369213
0.22449628428620869,0.2335578502222445
0.20416384654101863,0.21156873341492777
0.21604448755643169,0.22857582388536826
0.21981299568886278,0.2219521382431589
0.2171082864869095,0.22821587645669666
0.22071529269222612,0.22406702461166408
0.21873326973953935,0.23353347150504752
0.21380780939602498,0.22198876526565567
