bart_mtmh,bart
4.950381046341448,4.9884692037748355
4.742501756995135,4.739308409315676
5.274147356140483,5.375862314586652
4.559034898231241,4.597134948377929
4.458467955983652,4.429484139956749
5.140733655024107,5.077842063733808
5.165871529325608,5.149328607137136
5.3267026974090275,5.274693641972288
5.146579405644065,5.007960367782827
5.26556114303962,5.253101993725052
