bart_mtmh,bart
0.612470152061184,0.6354622942200442
0.6924549356035451,0.6670010673016825
0.5441159065805393,0.5929371657101983
0.6481407599766035,0.5946182052091354
0.5851679893764009,0.5679552484070903
0.6122377918206542,0.624564959326198
0.5889403996126144,0.5824519378434333
0.5786031184429893,0.5724902856110415
0.6374128901690671,0.6001907715265943
0.6750291960854138,0.6549719613627553
